{"text": " My name is Patthay, I am a Gujarat. I am a Guwati, I am a Guwati. I am a Guwati, I am a Guwati.", "segments": [{"id": 0, "seek": 0, "start": 0.0, "end": 5.04, "text": " My name is Patthay, I am a Gujarat.", "tokens": [50364, 1222, 1315, 307, 4379, 392, 320, 11, 286, 669, 257, 2694, 10150, 267, 13, 50616], "temperature": 0.4, "avg_logprob": NaN, "compression_ratio": 1.7924528301886793, "no_speech_prob": 0.18096520006656647}, {"id": 1, "seek": 0, "start": 7.04, "end": 11.040000000000001, "text": " I am a Guwati, I am a Guwati.", "tokens": [50716, 286, 669, 257, 2694, 86, 6908, 11, 286, 669, 257, 2694, 86, 6908, 13, 50916], "temperature": 0.4, "avg_logprob": NaN, "compression_ratio": 1.7924528301886793, "no_speech_prob": 0.18096520006656647}, {"id": 2, "seek": 0, "start": 11.040000000000001, "end": 17.04, "text": " I am a Guwati, I am a Guwati.", "tokens": [50916, 286, 669, 257, 2694, 86, 6908, 11, 286, 669, 257, 2694, 86, 6908, 13, 51216], "temperature": 0.4, "avg_logprob": NaN, "compression_ratio": 1.7924528301886793, "no_speech_prob": 0.18096520006656647}], "language": "hi"}